"State","Year","Export_mil","Product","Export_percentage"
"Alabama",2000,568.804627838786,"Total exports",100
"Alabama",2001,665.350549285735,"Total exports",100
"Alabama",2002,525.214321827905,"Total exports",100
"Alabama",2003,718.859233649366,"Total exports",100
"Alabama",2004,721.410429285833,"Total exports",100
"Alabama",2005,770.540840050613,"Total exports",100
"Alabama",2006,698.05150429068,"Total exports",100
"Alabama",2007,844.234563434768,"Total exports",100
"Alabama",2008,1065.68985740964,"Total exports",100
"Alabama",2009,1029.86421676762,"Total exports",100
"Alabama",2010,1133.22042302033,"Total exports",100
"Alabama",2011,1417.4938530347,"Total exports",100
"Alabama",2012,1470.39402584682,"Total exports",100
"Alabama",2013,1563.12144254093,"Total exports",100
"Alabama",2014,1498.85847787715,"Total exports",100
"Alabama",2015,1206.2074600096,"Total exports",100
"Alabama",2016,1211.28719000909,"Total exports",100
"Alabama",2017,1288.00930939633,"Total exports",100
"Alabama",2018,1366.06358893374,"Total exports",100
"Alabama",2019,1378.18799226716,"Total exports",100
"Alabama",2020,1380.41634222965,"Total exports",100
"Alabama",2021,1550.80813244051,"Total exports",100
"Alabama",2022,1702.51473798922,"Total exports",100
"Alaska",2000,6.00881914162218,"Total exports",100
"Alaska",2001,6.57106151772131,"Total exports",100
"Alaska",2002,6.25869980365679,"Total exports",100
"Alaska",2003,8.18592892402956,"Total exports",100
"Alaska",2004,8.31747147040844,"Total exports",100
"Alaska",2005,9.69915579067855,"Total exports",100
"Alaska",2006,9.45304250231714,"Total exports",100
"Alaska",2007,10.2091358407609,"Total exports",100
"Alaska",2008,11.3040277868806,"Total exports",100
"Alaska",2009,10.9005731892176,"Total exports",100
"Alaska",2010,12.0657081760842,"Total exports",100
"Alaska",2011,13.2904196548089,"Total exports",100
"Alaska",2012,13.8971394070303,"Total exports",100
"Alaska",2013,13.7625724945809,"Total exports",100
"Alaska",2014,14.991636191006,"Total exports",100
"Alaska",2015,14.1733766064874,"Total exports",100
"Alaska",2016,14.5838406425433,"Total exports",100
"Alaska",2017,16.2455440981827,"Total exports",100
"Alaska",2018,17.2905004236722,"Total exports",100
"Alaska",2019,17.3097987245891,"Total exports",100
"Alaska",2020,17.1504483817747,"Total exports",100
"Alaska",2021,20.8919557267474,"Total exports",100
"Alaska",2022,20.6131544324012,"Total exports",100
"Arizona",2000,485.307683249348,"Total exports",100
"Arizona",2001,466.458251333098,"Total exports",100
"Arizona",2002,511.898093386727,"Total exports",100
"Arizona",2003,550.695182622332,"Total exports",100
"Arizona",2004,630.503991948419,"Total exports",100
"Arizona",2005,661.000850450707,"Total exports",100
"Arizona",2006,705.295782544315,"Total exports",100
"Arizona",2007,842.375375067278,"Total exports",100
"Arizona",2008,1030.37113444229,"Total exports",100
"Arizona",2009,866.35001363788,"Total exports",100
"Arizona",2010,1082.41573146321,"Total exports",100
"Arizona",2011,1527.46782752075,"Total exports",100
"Arizona",2012,1363.00058525346,"Total exports",100
"Arizona",2013,1403.03749781943,"Total exports",100
"Arizona",2014,1287.97104170197,"Total exports",100
"Arizona",2015,1266.7633941858,"Total exports",100
"Arizona",2016,1290.66839229481,"Total exports",100
"Arizona",2017,1501.59364590539,"Total exports",100
"Arizona",2018,1420.63078572481,"Total exports",100
"Arizona",2019,1525.23174598843,"Total exports",100
"Arizona",2020,1279.83509083528,"Total exports",100
"Arizona",2021,1382.21352307503,"Total exports",100
"Arizona",2022,1704.3423179389,"Total exports",100
"Arkansas",2000,1314.52466729856,"Total exports",100
"Arkansas",2001,1354.87882221111,"Total exports",100
"Arkansas",2002,1337.85993248362,"Total exports",100
"Arkansas",2003,1812.94120902695,"Total exports",100
"Arkansas",2004,1926.84254344344,"Total exports",100
"Arkansas",2005,1953.3855675403,"Total exports",100
"Arkansas",2006,2072.76680072773,"Total exports",100
"Arkansas",2007,2635.72088656857,"Total exports",100
"Arkansas",2008,3560.7423273345,"Total exports",100
"Arkansas",2009,2905.82568842436,"Total exports",100
"Arkansas",2010,3237.79954518536,"Total exports",100
"Arkansas",2011,3542.5101278533,"Total exports",100
"Arkansas",2012,4046.51546661889,"Total exports",100
"Arkansas",2013,4052.81479549258,"Total exports",100
"Arkansas",2014,3753.13335411303,"Total exports",100
"Arkansas",2015,3130.52216084309,"Total exports",100
"Arkansas",2016,2997.85911824724,"Total exports",100
"Arkansas",2017,3174.37279335332,"Total exports",100
"Arkansas",2018,2974.86190252608,"Total exports",100
"Arkansas",2019,3049.50593148533,"Total exports",100
"Arkansas",2020,3536.42621461403,"Total exports",100
"Arkansas",2021,3836.51073814784,"Total exports",100
"Arkansas",2022,4336.03677787253,"Total exports",100
"California",2000,6800.44333134855,"Total exports",100
"California",2001,7031.34200907246,"Total exports",100
"California",2002,7165.75835000214,"Total exports",100
"California",2003,7805.76665387142,"Total exports",100
"California",2004,8662.80990936506,"Total exports",100
"California",2005,9641.94212387147,"Total exports",100
"California",2006,10324.3336020054,"Total exports",100
"California",2007,11537.7698354201,"Total exports",100
"California",2008,13096.0925656312,"Total exports",100
"California",2009,12567.6195811059,"Total exports",100
"California",2010,14404.83324164,"Total exports",100
"California",2011,17199.7422902279,"Total exports",100
"California",2012,19005.117964206,"Total exports",100
"California",2013,22708.55453904,"Total exports",100
"California",2014,23334.6019365112,"Total exports",100
"California",2015,22690.5593869002,"Total exports",100
"California",2016,21655.0615453213,"Total exports",100
"California",2017,22487.4129225645,"Total exports",100
"California",2018,23345.178222809,"Total exports",100
"California",2019,23849.7364197816,"Total exports",100
"California",2020,22378.8161156065,"Total exports",100
"California",2021,23884.7456588607,"Total exports",100
"California",2022,24743.0867015721,"Total exports",100
"Colorado",2000,885.463432601594,"Total exports",100
"Colorado",2001,911.005939518846,"Total exports",100
"Colorado",2002,911.577320660581,"Total exports",100
"Colorado",2003,867.919749589411,"Total exports",100
"Colorado",2004,732.963241579052,"Total exports",100
"Colorado",2005,822.779837738404,"Total exports",100
"Colorado",2006,958.847964616329,"Total exports",100
"Colorado",2007,1279.34068691483,"Total exports",100
"Colorado",2008,1429.1451597446,"Total exports",100
"Colorado",2009,1204.9997707422,"Total exports",100
"Colorado",2010,1454.92349943202,"Total exports",100
"Colorado",2011,1882.60826457536,"Total exports",100
"Colorado",2012,1747.2154016334,"Total exports",100
"Colorado",2013,1646.35559016604,"Total exports",100
"Colorado",2014,1762.65479483164,"Total exports",100
"Colorado",2015,1630.89756978182,"Total exports",100
"Colorado",2016,1577.94453085802,"Total exports",100
"Colorado",2017,1737.95673967499,"Total exports",100
"Colorado",2018,1850.02762877328,"Total exports",100
"Colorado",2019,1818.45106910208,"Total exports",100
"Colorado",2020,1784.23649990127,"Total exports",100
"Colorado",2021,2168.59182644325,"Total exports",100
"Colorado",2022,2154.53463966896,"Total exports",100
"Connecticut",2000,148.415820976308,"Total exports",100
"Connecticut",2001,131.989575083218,"Total exports",100
"Connecticut",2002,143.826019787595,"Total exports",100
"Connecticut",2003,142.927164760746,"Total exports",100
"Connecticut",2004,139.028027974015,"Total exports",100
"Connecticut",2005,164.667823595708,"Total exports",100
"Connecticut",2006,176.109065122586,"Total exports",100
"Connecticut",2007,209.21604870461,"Total exports",100
"Connecticut",2008,216.154318772526,"Total exports",100
"Connecticut",2009,203.24089227732,"Total exports",100
"Connecticut",2010,232.625761703831,"Total exports",100
"Connecticut",2011,255.309071476665,"Total exports",100
"Connecticut",2012,269.489928941787,"Total exports",100
"Connecticut",2013,280.338086573599,"Total exports",100
"Connecticut",2014,284.348753303713,"Total exports",100
"Connecticut",2015,299.114525520545,"Total exports",100
"Connecticut",2016,280.566134242685,"Total exports",100
"Connecticut",2017,282.951741949228,"Total exports",100
"Connecticut",2018,271.415182540795,"Total exports",100
"Connecticut",2019,263.181308883972,"Total exports",100
"Connecticut",2020,261.603080980581,"Total exports",100
"Connecticut",2021,285.13771203802,"Total exports",100
"Connecticut",2022,285.809311524262,"Total exports",100
"Delaware",2000,130.26270142916,"Total exports",100
"Delaware",2001,147.764495736742,"Total exports",100
"Delaware",2002,121.877025628433,"Total exports",100
"Delaware",2003,120.61151107614,"Total exports",100
"Delaware",2004,136.797048057229,"Total exports",100
"Delaware",2005,140.856039062729,"Total exports",100
"Delaware",2006,137.797286040406,"Total exports",100
"Delaware",2007,187.334857718905,"Total exports",100
"Delaware",2008,243.225890813672,"Total exports",100
"Delaware",2009,234.100814845705,"Total exports",100
"Delaware",2010,244.977808314968,"Total exports",100
"Delaware",2011,271.840583637546,"Total exports",100
"Delaware",2012,314.388927892149,"Total exports",100
"Delaware",2013,309.258111557187,"Total exports",100
"Delaware",2014,322.108215728879,"Total exports",100
"Delaware",2015,257.159689169045,"Total exports",100
"Delaware",2016,255.079161998816,"Total exports",100
"Delaware",2017,261.590443586681,"Total exports",100
"Delaware",2018,264.195525119913,"Total exports",100
"Delaware",2019,260.351514851835,"Total exports",100
"Delaware",2020,296.059031379265,"Total exports",100
"Delaware",2021,324.199693792491,"Total exports",100
"Delaware",2022,353.698367274651,"Total exports",100
"Florida",2000,1895.19163379386,"Total exports",100
"Florida",2001,1849.05324602231,"Total exports",100
"Florida",2002,1793.86379477319,"Total exports",100
"Florida",2003,1877.40600961845,"Total exports",100
"Florida",2004,1868.76013656216,"Total exports",100
"Florida",2005,2079.27148259545,"Total exports",100
"Florida",2006,2263.77708884548,"Total exports",100
"Florida",2007,2586.68789101547,"Total exports",100
"Florida",2008,2879.5633672213,"Total exports",100
"Florida",2009,2630.33438838293,"Total exports",100
"Florida",2010,3017.6189873457,"Total exports",100
"Florida",2011,3400.84245100343,"Total exports",100
"Florida",2012,3738.142361828,"Total exports",100
"Florida",2013,3630.88850054591,"Total exports",100
"Florida",2014,3468.94333964818,"Total exports",100
"Florida",2015,3413.93039300129,"Total exports",100
"Florida",2016,3289.40097777851,"Total exports",100
"Florida",2017,3348.90621422885,"Total exports",100
"Florida",2018,3160.51707330389,"Total exports",100
"Florida",2019,3393.89703418977,"Total exports",100
"Florida",2020,3382.98498772825,"Total exports",100
"Florida",2021,3441.50679782444,"Total exports",100
"Florida",2022,3533.13145382551,"Total exports",100
"Georgia",2000,1521.04984539415,"Total exports",100
"Georgia",2001,1453.16762073358,"Total exports",100
"Georgia",2002,1190.30161764152,"Total exports",100
"Georgia",2003,1436.46426212602,"Total exports",100
"Georgia",2004,1532.66027649069,"Total exports",100
"Georgia",2005,1498.16231047207,"Total exports",100
"Georgia",2006,1545.03871094584,"Total exports",100
"Georgia",2007,1949.41506379899,"Total exports",100
"Georgia",2008,2277.2471481995,"Total exports",100
"Georgia",2009,2035.68226396738,"Total exports",100
"Georgia",2010,2516.67210720868,"Total exports",100
"Georgia",2011,3201.56321823502,"Total exports",100
"Georgia",2012,3173.075149008,"Total exports",100
"Georgia",2013,3443.1109157383,"Total exports",100
"Georgia",2014,2990.78337677538,"Total exports",100
"Georgia",2015,2781.15540930656,"Total exports",100
"Georgia",2016,2819.75785243524,"Total exports",100
"Georgia",2017,2770.93884343581,"Total exports",100
"Georgia",2018,2790.11496161639,"Total exports",100
"Georgia",2019,2734.97628827498,"Total exports",100
"Georgia",2020,2974.63216230603,"Total exports",100
"Georgia",2021,3201.89925790151,"Total exports",100
"Georgia",2022,3863.68664987582,"Total exports",100
"Hawaii",2000,148.974328948585,"Total exports",100
"Hawaii",2001,155.564070159022,"Total exports",100
"Hawaii",2002,150.757411554144,"Total exports",100
"Hawaii",2003,157.037037576954,"Total exports",100
"Hawaii",2004,161.932821651765,"Total exports",100
"Hawaii",2005,183.564922204442,"Total exports",100
"Hawaii",2006,196.380039146152,"Total exports",100
"Hawaii",2007,209.276517462385,"Total exports",100
"Hawaii",2008,279.841385563766,"Total exports",100
"Hawaii",2009,297.057804125136,"Total exports",100
"Hawaii",2010,330.020714561068,"Total exports",100
"Hawaii",2011,387.270090297042,"Total exports",100
"Hawaii",2012,406.793623563655,"Total exports",100
"Hawaii",2013,346.594523913805,"Total exports",100
"Hawaii",2014,389.8831415093,"Total exports",100
"Hawaii",2015,362.622890540749,"Total exports",100
"Hawaii",2016,343.337590739794,"Total exports",100
"Hawaii",2017,355.082172398386,"Total exports",100
"Hawaii",2018,317.711531251039,"Total exports",100
"Hawaii",2019,309.644280291983,"Total exports",100
"Hawaii",2020,304.07423286058,"Total exports",100
"Hawaii",2021,371.762921052133,"Total exports",100
"Hawaii",2022,349.623175844028,"Total exports",100
"Idaho",2000,711.982197982466,"Total exports",100
"Idaho",2001,733.698802559471,"Total exports",100
"Idaho",2002,765.019742824052,"Total exports",100
"Idaho",2003,716.100289489039,"Total exports",100
"Idaho",2004,772.081187789573,"Total exports",100
"Idaho",2005,816.609756674198,"Total exports",100
"Idaho",2006,920.686583966207,"Total exports",100
"Idaho",2007,1214.56409833835,"Total exports",100
"Idaho",2008,1490.87910142383,"Total exports",100
"Idaho",2009,1165.77145644173,"Total exports",100
"Idaho",2010,1491.8854636298,"Total exports",100
"Idaho",2011,2029.932138087,"Total exports",100
"Idaho",2012,2075.34032405815,"Total exports",100
"Idaho",2013,2256.70320070644,"Total exports",100
"Idaho",2014,2213.57605268896,"Total exports",100
"Idaho",2015,1836.71585631836,"Total exports",100
"Idaho",2016,1896.5912999598,"Total exports",100
"Idaho",2017,1976.11675283618,"Total exports",100
"Idaho",2018,2090.15253044961,"Total exports",100
"Idaho",2019,2210.59570903478,"Total exports",100
"Idaho",2020,2267.03623343735,"Total exports",100
"Idaho",2021,2578.39119713701,"Total exports",100
"Idaho",2022,2896.3184279334,"Total exports",100
"Illinois",2000,3115.33296683584,"Total exports",100
"Illinois",2001,3313.32929038438,"Total exports",100
"Illinois",2002,3376.60640427897,"Total exports",100
"Illinois",2003,3736.54632047201,"Total exports",100
"Illinois",2004,3776.29037233199,"Total exports",100
"Illinois",2005,3704.58024373691,"Total exports",100
"Illinois",2006,4101.50597972695,"Total exports",100
"Illinois",2007,5871.08300155156,"Total exports",100
"Illinois",2008,7678.99956526184,"Total exports",100
"Illinois",2009,6748.85579780908,"Total exports",100
"Illinois",2010,7579.21129227009,"Total exports",100
"Illinois",2011,8685.80630795384,"Total exports",100
"Illinois",2012,8810.13446839748,"Total exports",100
"Illinois",2013,7374.6721434639,"Total exports",100
"Illinois",2014,9416.42447504448,"Total exports",100
"Illinois",2015,7960.36435326881,"Total exports",100
"Illinois",2016,8233.90519977676,"Total exports",100
"Illinois",2017,8006.37280437494,"Total exports",100
"Illinois",2018,8531.85455046215,"Total exports",100
"Illinois",2019,7860.85955113392,"Total exports",100
"Illinois",2020,8756.90682761169,"Total exports",100
"Illinois",2021,11219.8145783717,"Total exports",100
"Illinois",2022,13690.1821704985,"Total exports",100
"Indiana",2000,1747.82699075734,"Total exports",100
"Indiana",2001,2031.26558218397,"Total exports",100
"Indiana",2002,1821.61591943703,"Total exports",100
"Indiana",2003,1865.47190007967,"Total exports",100
"Indiana",2004,2245.76393695771,"Total exports",100
"Indiana",2005,1904.52940637343,"Total exports",100
"Indiana",2006,2406.03420090146,"Total exports",100
"Indiana",2007,3256.02871660303,"Total exports",100
"Indiana",2008,4437.4204677745,"Total exports",100
"Indiana",2009,3850.70083331854,"Total exports",100
"Indiana",2010,4387.00713603875,"Total exports",100
"Indiana",2011,5064.94713213229,"Total exports",100
"Indiana",2012,5121.5576694824,"Total exports",100
"Indiana",2013,4599.7688575325,"Total exports",100
"Indiana",2014,5759.28002479873,"Total exports",100
"Indiana",2015,4679.28437582439,"Total exports",100
"Indiana",2016,4524.05366460848,"Total exports",100
"Indiana",2017,4734.48886387007,"Total exports",100
"Indiana",2018,4591.2169670607,"Total exports",100
"Indiana",2019,4539.38869900766,"Total exports",100
"Indiana",2020,5219.99108940485,"Total exports",100
"Indiana",2021,6659.43876452462,"Total exports",100
"Indiana",2022,7402.05159516263,"Total exports",100
"Iowa",2000,3479.4057794937,"Total exports",100
"Iowa",2001,3504.2626082116,"Total exports",100
"Iowa",2002,3939.58552381797,"Total exports",100
"Iowa",2003,4357.22216815539,"Total exports",100
"Iowa",2004,4250.05824021635,"Total exports",100
"Iowa",2005,4413.19924064494,"Total exports",100
"Iowa",2006,5283.69444450039,"Total exports",100
"Iowa",2007,6854.46601842014,"Total exports",100
"Iowa",2008,9891.19779258598,"Total exports",100
"Iowa",2009,8403.77013525662,"Total exports",100
"Iowa",2010,9466.25015447784,"Total exports",100
"Iowa",2011,10819.956047905,"Total exports",100
"Iowa",2012,11609.5972086401,"Total exports",100
"Iowa",2013,10394.1182291867,"Total exports",100
"Iowa",2014,11414.8793392444,"Total exports",100
"Iowa",2015,9902.69629243909,"Total exports",100
"Iowa",2016,10930.2692956469,"Total exports",100
"Iowa",2017,10290.1855434756,"Total exports",100
"Iowa",2018,10502.0654910556,"Total exports",100
"Iowa",2019,9971.5473234781,"Total exports",100
"Iowa",2020,11316.4795927599,"Total exports",100
"Iowa",2021,14281.6943140999,"Total exports",100
"Iowa",2022,16514.8201690135,"Total exports",100
"Kansas",2000,1949.50979066834,"Total exports",100
"Kansas",2001,1984.97959758201,"Total exports",100
"Kansas",2002,2043.05104503634,"Total exports",100
"Kansas",2003,2264.98752172494,"Total exports",100
"Kansas",2004,1903.92389828979,"Total exports",100
"Kansas",2005,2203.52454892304,"Total exports",100
"Kansas",2006,2329.26327432374,"Total exports",100
"Kansas",2007,3395.03617455193,"Total exports",100
"Kansas",2008,4075.44976073439,"Total exports",100
"Kansas",2009,3360.53410531926,"Total exports",100
"Kansas",2010,4476.41412821393,"Total exports",100
"Kansas",2011,4611.21095789048,"Total exports",100
"Kansas",2012,4304.85319972011,"Total exports",100
"Kansas",2013,4858.06977469478,"Total exports",100
"Kansas",2014,4640.23437125504,"Total exports",100
"Kansas",2015,4117.32689380658,"Total exports",100
"Kansas",2016,4672.7372470507,"Total exports",100
"Kansas",2017,4786.95917337319,"Total exports",100
"Kansas",2018,4845.92186246104,"Total exports",100
"Kansas",2019,4923.00947516178,"Total exports",100
"Kansas",2020,5814.73455428602,"Total exports",100
"Kansas",2021,7032.90147448537,"Total exports",100
"Kansas",2022,7230.61527637811,"Total exports",100
"Kentucky",2000,2488.07416676118,"Total exports",100
"Kentucky",2001,2133.84332504605,"Total exports",100
"Kentucky",2002,1634.03673392919,"Total exports",100
"Kentucky",2003,1685.99394157371,"Total exports",100
"Kentucky",2004,1707.13203802831,"Total exports",100
"Kentucky",2005,1759.31081961948,"Total exports",100
"Kentucky",2006,1856.39497415447,"Total exports",100
"Kentucky",2007,2051.7760039139,"Total exports",100
"Kentucky",2008,1653.74981425851,"Total exports",100
"Kentucky",2009,1526.77704072131,"Total exports",100
"Kentucky",2010,1686.04059850007,"Total exports",100
"Kentucky",2011,2002.10544944547,"Total exports",100
"Kentucky",2012,1971.79734296619,"Total exports",100
"Kentucky",2013,2620.02904705558,"Total exports",100
"Kentucky",2014,2682.32030371344,"Total exports",100
"Kentucky",2015,2273.76736922646,"Total exports",100
"Kentucky",2016,2217.6749636899,"Total exports",100
"Kentucky",2017,2237.16211997155,"Total exports",100
"Kentucky",2018,2360.17123455413,"Total exports",100
"Kentucky",2019,2229.23660183482,"Total exports",100
"Kentucky",2020,2343.55786948217,"Total exports",100
"Kentucky",2021,3130.5479339369,"Total exports",100
"Kentucky",2022,3289.31786926151,"Total exports",100
"Louisiana",2000,612.87365789797,"Total exports",100
"Louisiana",2001,605.059981033394,"Total exports",100
"Louisiana",2002,598.140728880541,"Total exports",100
"Louisiana",2003,794.191550722066,"Total exports",100
"Louisiana",2004,802.505050791946,"Total exports",100
"Louisiana",2005,784.325623769346,"Total exports",100
"Louisiana",2006,831.456809129457,"Total exports",100
"Louisiana",2007,1144.55317615034,"Total exports",100
"Louisiana",2008,1382.50585971928,"Total exports",100
"Louisiana",2009,1271.29319899445,"Total exports",100
"Louisiana",2010,1590.75432965791,"Total exports",100
"Louisiana",2011,1797.75694702229,"Total exports",100
"Louisiana",2012,1979.07933999377,"Total exports",100
"Louisiana",2013,1889.59210541664,"Total exports",100
"Louisiana",2014,1942.32180618661,"Total exports",100
"Louisiana",2015,1583.04144764893,"Total exports",100
"Louisiana",2016,1349.10437836715,"Total exports",100
"Louisiana",2017,1491.90118303381,"Total exports",100
"Louisiana",2018,1479.08347216591,"Total exports",100
"Louisiana",2019,1473.13047971656,"Total exports",100
"Louisiana",2020,1704.87078760625,"Total exports",100
"Louisiana",2021,1860.10295705223,"Total exports",100
"Louisiana",2022,1907.51562559379,"Total exports",100
"Maine",2000,148.553756348838,"Total exports",100
"Maine",2001,149.341705041782,"Total exports",100
"Maine",2002,125.446586124194,"Total exports",100
"Maine",2003,122.784289413932,"Total exports",100
"Maine",2004,126.253965132603,"Total exports",100
"Maine",2005,133.510553907187,"Total exports",100
"Maine",2006,149.812346157849,"Total exports",100
"Maine",2007,168.581678437801,"Total exports",100
"Maine",2008,202.559271214788,"Total exports",100
"Maine",2009,193.381437937063,"Total exports",100
"Maine",2010,254.325233497548,"Total exports",100
"Maine",2011,288.78029621971,"Total exports",100
"Maine",2012,295.699820234002,"Total exports",100
"Maine",2013,296.70904917033,"Total exports",100
"Maine",2014,307.051490683402,"Total exports",100
"Maine",2015,249.54629033238,"Total exports",100
"Maine",2016,244.741983368068,"Total exports",100
"Maine",2017,250.742073824609,"Total exports",100
"Maine",2018,260.640351069036,"Total exports",100
"Maine",2019,269.370688678991,"Total exports",100
"Maine",2020,265.785690611989,"Total exports",100
"Maine",2021,331.110810064438,"Total exports",100
"Maine",2022,329.309243259317,"Total exports",100
"Maryland",2000,361.860842293956,"Total exports",100
"Maryland",2001,381.22339999382,"Total exports",100
"Maryland",2002,320.150307136372,"Total exports",100
"Maryland",2003,282.827172312772,"Total exports",100
"Maryland",2004,323.262643155543,"Total exports",100
"Maryland",2005,317.202458897947,"Total exports",100
"Maryland",2006,335.627131893116,"Total exports",100
"Maryland",2007,425.725065579146,"Total exports",100
"Maryland",2008,542.558743581016,"Total exports",100
"Maryland",2009,530.011536017668,"Total exports",100
"Maryland",2010,580.630192774848,"Total exports",100
"Maryland",2011,635.195600442448,"Total exports",100
"Maryland",2012,738.825105332956,"Total exports",100
"Maryland",2013,755.894198423085,"Total exports",100
"Maryland",2014,749.658820604472,"Total exports",100
"Maryland",2015,661.293873274232,"Total exports",100
"Maryland",2016,658.752140804361,"Total exports",100
"Maryland",2017,702.47579339917,"Total exports",100
"Maryland",2018,673.775470826933,"Total exports",100
"Maryland",2019,682.281257065246,"Total exports",100
"Maryland",2020,775.453647330224,"Total exports",100
"Maryland",2021,893.029004881393,"Total exports",100
"Maryland",2022,935.19285792427,"Total exports",100
"Massachusetts",2000,118.670858881899,"Total exports",100
"Massachusetts",2001,98.5722000660093,"Total exports",100
"Massachusetts",2002,115.842041498345,"Total exports",100
"Massachusetts",2003,119.40890663769,"Total exports",100
"Massachusetts",2004,121.696730945243,"Total exports",100
"Massachusetts",2005,129.713123935882,"Total exports",100
"Massachusetts",2006,151.633663753748,"Total exports",100
"Massachusetts",2007,180.208811256776,"Total exports",100
"Massachusetts",2008,249.634390572004,"Total exports",100
"Massachusetts",2009,191.364197446648,"Total exports",100
"Massachusetts",2010,212.99078315561,"Total exports",100
"Massachusetts",2011,243.745561101077,"Total exports",100
"Massachusetts",2012,231.993852767934,"Total exports",100
"Massachusetts",2013,193.531303927738,"Total exports",100
"Massachusetts",2014,206.408485891783,"Total exports",100
"Massachusetts",2015,208.861676310128,"Total exports",100
"Massachusetts",2016,196.672718703722,"Total exports",100
"Massachusetts",2017,204.332675417809,"Total exports",100
"Massachusetts",2018,224.090705129155,"Total exports",100
"Massachusetts",2019,224.891340930089,"Total exports",100
"Massachusetts",2020,222.803909858416,"Total exports",100
"Massachusetts",2021,244.387527919286,"Total exports",100
"Massachusetts",2022,225.534485799872,"Total exports",100
"Michigan",2000,902.925613152154,"Total exports",100
"Michigan",2001,961.343261800856,"Total exports",100
"Michigan",2002,956.297483096782,"Total exports",100
"Michigan",2003,1096.4006684604,"Total exports",100
"Michigan",2004,1130.19122813733,"Total exports",100
"Michigan",2005,1141.8894291104,"Total exports",100
"Michigan",2006,1430.22634855395,"Total exports",100
"Michigan",2007,1826.10741335911,"Total exports",100
"Michigan",2008,2361.24369596751,"Total exports",100
"Michigan",2009,1933.56325752857,"Total exports",100
"Michigan",2010,2406.16530952372,"Total exports",100
"Michigan",2011,3050.32226774113,"Total exports",100
"Michigan",2012,3043.16248174071,"Total exports",100
"Michigan",2013,3154.49583213884,"Total exports",100
"Michigan",2014,3174.08535326408,"Total exports",100
"Michigan",2015,2814.77499257101,"Total exports",100
"Michigan",2016,2823.36387666794,"Total exports",100
"Michigan",2017,2760.27124811996,"Total exports",100
"Michigan",2018,2739.83178322703,"Total exports",100
"Michigan",2019,2694.00517920793,"Total exports",100
"Michigan",2020,2980.46159875387,"Total exports",100
"Michigan",2021,3951.1508004964,"Total exports",100
"Michigan",2022,4313.47042868083,"Total exports",100
"Minnesota",2000,2199.37565286127,"Total exports",100
"Minnesota",2001,2201.964414307,"Total exports",100
"Minnesota",2002,2511.24148035377,"Total exports",100
"Minnesota",2003,2839.17426552888,"Total exports",100
"Minnesota",2004,2804.02353931563,"Total exports",100
"Minnesota",2005,2715.11475365046,"Total exports",100
"Minnesota",2006,3510.56478260497,"Total exports",100
"Minnesota",2007,4458.37345659248,"Total exports",100
"Minnesota",2008,6739.5528620102,"Total exports",100
"Minnesota",2009,5181.26369813297,"Total exports",100
"Minnesota",2010,6207.65290124372,"Total exports",100
"Minnesota",2011,7126.9960538677,"Total exports",100
"Minnesota",2012,7883.15244788836,"Total exports",100
"Minnesota",2013,7943.61353464006,"Total exports",100
"Minnesota",2014,7391.9555836983,"Total exports",100
"Minnesota",2015,6284.03506841028,"Total exports",100
"Minnesota",2016,6980.40412949425,"Total exports",100
"Minnesota",2017,6899.83853916885,"Total exports",100
"Minnesota",2018,6886.00847030542,"Total exports",100
"Minnesota",2019,6243.05402868176,"Total exports",100
"Minnesota",2020,7129.84807037284,"Total exports",100
"Minnesota",2021,9382.77561828022,"Total exports",100
"Minnesota",2022,10038.8913550796,"Total exports",100
"Mississippi",2000,766.651837286118,"Total exports",100
"Mississippi",2001,853.462384879756,"Total exports",100
"Mississippi",2002,796.113145499472,"Total exports",100
"Mississippi",2003,1156.06972916029,"Total exports",100
"Mississippi",2004,1179.09452754658,"Total exports",100
"Mississippi",2005,1106.48249667072,"Total exports",100
"Mississippi",2006,1171.96586023312,"Total exports",100
"Mississippi",2007,1491.74420598436,"Total exports",100
"Mississippi",2008,1845.46519491206,"Total exports",100
"Mississippi",2009,1646.61196362732,"Total exports",100
"Mississippi",2010,1844.87168642895,"Total exports",100
"Mississippi",2011,2141.37913623928,"Total exports",100
"Mississippi",2012,2608.13675238989,"Total exports",100
"Mississippi",2013,2381.1188459084,"Total exports",100
"Mississippi",2014,2425.55977417388,"Total exports",100
"Mississippi",2015,1861.45221865931,"Total exports",100
"Mississippi",2016,1813.52371219904,"Total exports",100
"Mississippi",2017,1994.96592126807,"Total exports",100
"Mississippi",2018,1823.81701724876,"Total exports",100
"Mississippi",2019,2037.71943966932,"Total exports",100
"Mississippi",2020,2201.66193194162,"Total exports",100
"Mississippi",2021,2546.81451107067,"Total exports",100
"Mississippi",2022,2654.5405481689,"Total exports",100
"Missouri",2000,1363.68915791081,"Total exports",100
"Missouri",2001,1471.39546735908,"Total exports",100
"Missouri",2002,1316.87288831885,"Total exports",100
"Missouri",2003,1719.22600461149,"Total exports",100
"Missouri",2004,1750.75527575838,"Total exports",100
"Missouri",2005,1708.13349564652,"Total exports",100
"Missouri",2006,1878.26698922341,"Total exports",100
"Missouri",2007,2614.26422206951,"Total exports",100
"Missouri",2008,3616.39700468174,"Total exports",100
"Missouri",2009,2996.06887266266,"Total exports",100
"Missouri",2010,3555.24477285614,"Total exports",100
"Missouri",2011,4107.92817515511,"Total exports",100
"Missouri",2012,3930.53346826008,"Total exports",100
"Missouri",2013,3969.23878662941,"Total exports",100
"Missouri",2014,4388.73681508129,"Total exports",100
"Missouri",2015,3598.07649129492,"Total exports",100
"Missouri",2016,3540.81429136708,"Total exports",100
"Missouri",2017,4063.07076717303,"Total exports",100
"Missouri",2018,4012.93616729077,"Total exports",100
"Missouri",2019,3700.32797172433,"Total exports",100
"Missouri",2020,4499.29233758002,"Total exports",100
"Missouri",2021,5251.74951021062,"Total exports",100
"Missouri",2022,6146.92810928187,"Total exports",100
"Montana",2000,501.14852754411,"Total exports",100
"Montana",2001,459.790962588132,"Total exports",100
"Montana",2002,500.961530937526,"Total exports",100
"Montana",2003,514.77932667361,"Total exports",100
"Montana",2004,627.302803806221,"Total exports",100
"Montana",2005,636.4012114859,"Total exports",100
"Montana",2006,666.491626748897,"Total exports",100
"Montana",2007,943.789516213044,"Total exports",100
"Montana",2008,1120.25772593301,"Total exports",100
"Montana",2009,809.687586032856,"Total exports",100
"Montana",2010,1068.33701077509,"Total exports",100
"Montana",2011,1723.21231174148,"Total exports",100
"Montana",2012,1265.63994871781,"Total exports",100
"Montana",2013,1603.32401077378,"Total exports",100
"Montana",2014,1529.30474570845,"Total exports",100
"Montana",2015,1165.68653956475,"Total exports",100
"Montana",2016,1231.87982532658,"Total exports",100
"Montana",2017,1217.01820933107,"Total exports",100
"Montana",2018,1179.43371852294,"Total exports",100
"Montana",2019,1353.76721276572,"Total exports",100
"Montana",2020,1455.3103218143,"Total exports",100
"Montana",2021,1473.09809929963,"Total exports",100
"Montana",2022,1468.74253586243,"Total exports",100
"Nebraska",2000,2298.28702245663,"Total exports",100
"Nebraska",2001,2428.85060389915,"Total exports",100
"Nebraska",2002,2484.31801571192,"Total exports",100
"Nebraska",2003,2856.40149462102,"Total exports",100
"Nebraska",2004,2345.75743026955,"Total exports",100
"Nebraska",2005,2494.97299949062,"Total exports",100
"Nebraska",2006,3083.33059124544,"Total exports",100
"Nebraska",2007,4186.93417154319,"Total exports",100
"Nebraska",2008,5490.47781421264,"Total exports",100
"Nebraska",2009,5032.18070344516,"Total exports",100
"Nebraska",2010,5377.84294947609,"Total exports",100
"Nebraska",2011,7293.11279301995,"Total exports",100
"Nebraska",2012,6820.52886977917,"Total exports",100
"Nebraska",2013,6396.85999639988,"Total exports",100
"Nebraska",2014,7336.333624641,"Total exports",100
"Nebraska",2015,6409.89495726676,"Total exports",100
"Nebraska",2016,6621.152699976,"Total exports",100
"Nebraska",2017,6292.01586649241,"Total exports",100
"Nebraska",2018,6726.42100493301,"Total exports",100
"Nebraska",2019,6214.98581397009,"Total exports",100
"Nebraska",2020,7263.59834558211,"Total exports",100
"Nebraska",2021,9294.02054209954,"Total exports",100
"Nebraska",2022,9976.98686812118,"Total exports",100
"Nevada",2000,65.2618020032493,"Total exports",100
"Nevada",2001,69.6039557088858,"Total exports",100
"Nevada",2002,57.5371985761777,"Total exports",100
"Nevada",2003,60.1337816446595,"Total exports",100
"Nevada",2004,55.4399416996774,"Total exports",100
"Nevada",2005,63.5299624364831,"Total exports",100
"Nevada",2006,77.7037985099792,"Total exports",100
"Nevada",2007,84.2338701980958,"Total exports",100
"Nevada",2008,101.341902897985,"Total exports",100
"Nevada",2009,98.0159580668084,"Total exports",100
"Nevada",2010,111.569693734078,"Total exports",100
"Nevada",2011,146.785529042756,"Total exports",100
"Nevada",2012,141.630369823148,"Total exports",100
"Nevada",2013,148.364965561801,"Total exports",100
"Nevada",2014,170.009150277294,"Total exports",100
"Nevada",2015,133.755500566125,"Total exports",100
"Nevada",2016,116.038564927413,"Total exports",100
"Nevada",2017,129.253593896513,"Total exports",100
"Nevada",2018,141.357247668273,"Total exports",100
"Nevada",2019,143.847400956335,"Total exports",100
"Nevada",2020,138.008302330751,"Total exports",100
"Nevada",2021,172.413858637584,"Total exports",100
"Nevada",2022,190.306630974607,"Total exports",100
"New Hampshire",2000,31.6738966175345,"Total exports",100
"New Hampshire",2001,32.2132906406913,"Total exports",100
"New Hampshire",2002,31.488629247113,"Total exports",100
"New Hampshire",2003,34.9045298609761,"Total exports",100
"New Hampshire",2004,36.8171084483328,"Total exports",100
"New Hampshire",2005,37.6984413326993,"Total exports",100
"New Hampshire",2006,42.0814570976202,"Total exports",100
"New Hampshire",2007,51.5145683876544,"Total exports",100
"New Hampshire",2008,69.0639479742523,"Total exports",100
"New Hampshire",2009,62.5676729226079,"Total exports",100
"New Hampshire",2010,68.5237575304345,"Total exports",100
"New Hampshire",2011,75.2394930092316,"Total exports",100
"New Hampshire",2012,76.8681059371543,"Total exports",100
"New Hampshire",2013,78.2114325625538,"Total exports",100
"New Hampshire",2014,85.8732133861547,"Total exports",100
"New Hampshire",2015,82.9192308590985,"Total exports",100
"New Hampshire",2016,82.7739522229025,"Total exports",100
"New Hampshire",2017,85.1352028904763,"Total exports",100
"New Hampshire",2018,81.652083390761,"Total exports",100
"New Hampshire",2019,70.0215529952166,"Total exports",100
"New Hampshire",2020,74.2758147716253,"Total exports",100
"New Hampshire",2021,74.2565202830701,"Total exports",100
"New Hampshire",2022,79.3249705772912,"Total exports",100
"New Jersey",2000,245.316313412323,"Total exports",100
"New Jersey",2001,249.879289160077,"Total exports",100
"New Jersey",2002,252.438864860658,"Total exports",100
"New Jersey",2003,260.874498377645,"Total exports",100
"New Jersey",2004,267.051886060311,"Total exports",100
"New Jersey",2005,291.092905598658,"Total exports",100
"New Jersey",2006,335.680766620697,"Total exports",100
"New Jersey",2007,398.04692266543,"Total exports",100
"New Jersey",2008,402.169971659294,"Total exports",100
"New Jersey",2009,384.467999701845,"Total exports",100
"New Jersey",2010,418.28980147739,"Total exports",100
"New Jersey",2011,478.017643777392,"Total exports",100
"New Jersey",2012,504.330115144998,"Total exports",100
"New Jersey",2013,304.864852040534,"Total exports",100
"New Jersey",2014,520.560546741317,"Total exports",100
"New Jersey",2015,533.47924598891,"Total exports",100
"New Jersey",2016,538.904153938854,"Total exports",100
"New Jersey",2017,558.920957116366,"Total exports",100
"New Jersey",2018,568.563016135602,"Total exports",100
"New Jersey",2019,651.077474937179,"Total exports",100
"New Jersey",2020,636.547033191475,"Total exports",100
"New Jersey",2021,704.755959644756,"Total exports",100
"New Jersey",2022,686.865104295024,"Total exports",100
"New Mexico",2000,318.649481915178,"Total exports",100
"New Mexico",2001,326.775144574066,"Total exports",100
"New Mexico",2002,285.299847941644,"Total exports",100
"New Mexico",2003,315.29826722319,"Total exports",100
"New Mexico",2004,316.297269545964,"Total exports",100
"New Mexico",2005,366.830131450159,"Total exports",100
"New Mexico",2006,396.744033257257,"Total exports",100
"New Mexico",2007,489.424963548351,"Total exports",100
"New Mexico",2008,542.066737854001,"Total exports",100
"New Mexico",2009,495.889029700193,"Total exports",100
"New Mexico",2010,687.546711205479,"Total exports",100
"New Mexico",2011,793.077213392311,"Total exports",100
"New Mexico",2012,742.009113467561,"Total exports",100
"New Mexico",2013,735.329747704759,"Total exports",100
"New Mexico",2014,766.783182895088,"Total exports",100
"New Mexico",2015,745.798094059,"Total exports",100
"New Mexico",2016,738.713772977428,"Total exports",100
"New Mexico",2017,774.753558325219,"Total exports",100
"New Mexico",2018,751.840586950166,"Total exports",100
"New Mexico",2019,763.199503697362,"Total exports",100
"New Mexico",2020,717.506024244046,"Total exports",100
"New Mexico",2021,868.494454677846,"Total exports",100
"New Mexico",2022,947.668524759507,"Total exports",100
"New York",2000,498.488836941576,"Total exports",100
"New York",2001,510.812626425756,"Total exports",100
"New York",2002,502.017934138287,"Total exports",100
"New York",2003,483.209141818909,"Total exports",100
"New York",2004,538.648862693219,"Total exports",100
"New York",2005,575.671335547669,"Total exports",100
"New York",2006,671.355576641362,"Total exports",100
"New York",2007,871.304132890494,"Total exports",100
"New York",2008,1236.28010601108,"Total exports",100
"New York",2009,1026.79804960301,"Total exports",100
"New York",2010,1259.01258312935,"Total exports",100
"New York",2011,1456.18269207974,"Total exports",100
"New York",2012,1517.77084823743,"Total exports",100
"New York",2013,1628.47803131675,"Total exports",100
"New York",2014,1687.50014977835,"Total exports",100
"New York",2015,1436.33199647322,"Total exports",100
"New York",2016,1401.29107793354,"Total exports",100
"New York",2017,1411.74054209407,"Total exports",100
"New York",2018,1458.16252881469,"Total exports",100
"New York",2019,1489.59842171574,"Total exports",100
"New York",2020,1593.65395497972,"Total exports",100
"New York",2021,1862.82652111125,"Total exports",100
"New York",2022,2044.01404605852,"Total exports",100
"North Carolina",2000,3296.93404147743,"Total exports",100
"North Carolina",2001,2989.33615609106,"Total exports",100
"North Carolina",2002,2483.73219544921,"Total exports",100
"North Carolina",2003,2509.17127262752,"Total exports",100
"North Carolina",2004,2766.28012956569,"Total exports",100
"North Carolina",2005,2574.37329266058,"Total exports",100
"North Carolina",2006,2920.47141011622,"Total exports",100
"North Carolina",2007,3173.21312864845,"Total exports",100
"North Carolina",2008,3763.84377702876,"Total exports",100
"North Carolina",2009,3356.04063759007,"Total exports",100
"North Carolina",2010,3632.72013744878,"Total exports",100
"North Carolina",2011,4085.35445812086,"Total exports",100
"North Carolina",2012,4413.37028060031,"Total exports",100
"North Carolina",2013,4559.1659120061,"Total exports",100
"North Carolina",2014,4375.86975413864,"Total exports",100
"North Carolina",2015,3747.27945140715,"Total exports",100
"North Carolina",2016,3544.65750425397,"Total exports",100
"North Carolina",2017,3697.00488240195,"Total exports",100
"North Carolina",2018,3555.29676607139,"Total exports",100
"North Carolina",2019,3461.17580307794,"Total exports",100
"North Carolina",2020,3731.12588044001,"Total exports",100
"North Carolina",2021,4376.21327388284,"Total exports",100
"North Carolina",2022,4498.95571440449,"Total exports",100
"North Dakota",2000,1194.02385475251,"Total exports",100
"North Dakota",2001,1327.82050841059,"Total exports",100
"North Dakota",2002,1564.45634914641,"Total exports",100
"North Dakota",2003,1656.87298144178,"Total exports",100
"North Dakota",2004,1677.77278197927,"Total exports",100
"North Dakota",2005,1622.30273034188,"Total exports",100
"North Dakota",2006,1882.05760206001,"Total exports",100
"North Dakota",2007,3035.73403854399,"Total exports",100
"North Dakota",2008,3905.29726385944,"Total exports",100
"North Dakota",2009,2849.61623597067,"Total exports",100
"North Dakota",2010,3510.29734287001,"Total exports",100
"North Dakota",2011,4245.21407667648,"Total exports",100
"North Dakota",2012,4349.81270703154,"Total exports",100
"North Dakota",2013,4394.9797512901,"Total exports",100
"North Dakota",2014,4379.29346472712,"Total exports",100
"North Dakota",2015,3705.28110311817,"Total exports",100
"North Dakota",2016,4470.72234536919,"Total exports",100
"North Dakota",2017,4278.84912577328,"Total exports",100
"North Dakota",2018,3983.30714302731,"Total exports",100
"North Dakota",2019,4258.4873985956,"Total exports",100
"North Dakota",2020,4344.1828183662,"Total exports",100
"North Dakota",2021,4983.12483360326,"Total exports",100
"North Dakota",2022,5874.70239110643,"Total exports",100
"Ohio",2000,1503.35040409463,"Total exports",100
"Ohio",2001,1548.86121784756,"Total exports",100
"Ohio",2002,1461.51542289666,"Total exports",100
"Ohio",2003,1570.96757584561,"Total exports",100
"Ohio",2004,1707.92301237547,"Total exports",100
"Ohio",2005,1672.3749032758,"Total exports",100
"Ohio",2006,1959.42766748405,"Total exports",100
"Ohio",2007,2462.55450952873,"Total exports",100
"Ohio",2008,3454.41129818523,"Total exports",100
"Ohio",2009,2894.93347919144,"Total exports",100
"Ohio",2010,3481.829506007,"Total exports",100
"Ohio",2011,3663.2636415677,"Total exports",100
"Ohio",2012,4426.94430922251,"Total exports",100
"Ohio",2013,4477.23851528624,"Total exports",100
"Ohio",2014,4485.00912275557,"Total exports",100
"Ohio",2015,3682.91421032382,"Total exports",100
"Ohio",2016,3629.8300213459,"Total exports",100
"Ohio",2017,3654.1262388226,"Total exports",100
"Ohio",2018,3803.92058541728,"Total exports",100
"Ohio",2019,3562.02194631105,"Total exports",100
"Ohio",2020,4097.62879461892,"Total exports",100
"Ohio",2021,5061.8870794035,"Total exports",100
"Ohio",2022,6082.49929071334,"Total exports",100
"Oklahoma",2000,812.377042286281,"Total exports",100
"Oklahoma",2001,798.614258941633,"Total exports",100
"Oklahoma",2002,818.190671848898,"Total exports",100
"Oklahoma",2003,916.632158008043,"Total exports",100
"Oklahoma",2004,954.33889475831,"Total exports",100
"Oklahoma",2005,997.956447596703,"Total exports",100
"Oklahoma",2006,903.185502955074,"Total exports",100
"Oklahoma",2007,1205.63504974882,"Total exports",100
"Oklahoma",2008,1725.84926326385,"Total exports",100
"Oklahoma",2009,1113.53877450639,"Total exports",100
"Oklahoma",2010,1546.45150852404,"Total exports",100
"Oklahoma",2011,1705.47592329818,"Total exports",100
"Oklahoma",2012,1793.30737464108,"Total exports",100
"Oklahoma",2013,1838.62282316248,"Total exports",100
"Oklahoma",2014,1650.0640378225,"Total exports",100
"Oklahoma",2015,1499.5970525402,"Total exports",100
"Oklahoma",2016,1553.44736488113,"Total exports",100
"Oklahoma",2017,1807.56077754465,"Total exports",100
"Oklahoma",2018,1800.34996110444,"Total exports",100
"Oklahoma",2019,1807.14674212436,"Total exports",100
"Oklahoma",2020,1891.98647936531,"Total exports",100
"Oklahoma",2021,2171.50902584217,"Total exports",100
"Oklahoma",2022,2371.0778558534,"Total exports",100
"Oregon",2000,779.570475056574,"Total exports",100
"Oregon",2001,831.306911249814,"Total exports",100
"Oregon",2002,776.594663797466,"Total exports",100
"Oregon",2003,902.320620464844,"Total exports",100
"Oregon",2004,979.281885965426,"Total exports",100
"Oregon",2005,994.266773497759,"Total exports",100
"Oregon",2006,1218.78419644911,"Total exports",100
"Oregon",2007,1411.13422420347,"Total exports",100
"Oregon",2008,1550.28826025002,"Total exports",100
"Oregon",2009,1300.96227262892,"Total exports",100
"Oregon",2010,1387.62494128316,"Total exports",100
"Oregon",2011,1838.71296438226,"Total exports",100
"Oregon",2012,1851.40417552785,"Total exports",100
"Oregon",2013,2008.02110520019,"Total exports",100
"Oregon",2014,2019.81155701928,"Total exports",100
"Oregon",2015,1824.23947058002,"Total exports",100
"Oregon",2016,1833.86374476249,"Total exports",100
"Oregon",2017,1941.33765307647,"Total exports",100
"Oregon",2018,2041.58567450958,"Total exports",100
"Oregon",2019,1972.60528294248,"Total exports",100
"Oregon",2020,1957.37179602686,"Total exports",100
"Oregon",2021,2355.42746190523,"Total exports",100
"Oregon",2022,2374.91133288129,"Total exports",100
"Pennsylvania",2000,708.273434407384,"Total exports",100
"Pennsylvania",2001,768.318494051908,"Total exports",100
"Pennsylvania",2002,714.769454434025,"Total exports",100
"Pennsylvania",2003,728.971436855137,"Total exports",100
"Pennsylvania",2004,856.93323458296,"Total exports",100
"Pennsylvania",2005,856.820373376952,"Total exports",100
"Pennsylvania",2006,959.677006162238,"Total exports",100
"Pennsylvania",2007,1208.59640316554,"Total exports",100
"Pennsylvania",2008,1579.76573399012,"Total exports",100
"Pennsylvania",2009,1352.64196252911,"Total exports",100
"Pennsylvania",2010,1674.50664725288,"Total exports",100
"Pennsylvania",2011,1889.4191721785,"Total exports",100
"Pennsylvania",2012,2131.45723196335,"Total exports",100
"Pennsylvania",2013,2186.09560377895,"Total exports",100
"Pennsylvania",2014,2317.80180237689,"Total exports",100
"Pennsylvania",2015,2010.16442455145,"Total exports",100
"Pennsylvania",2016,1935.26051575797,"Total exports",100
"Pennsylvania",2017,2005.68501188799,"Total exports",100
"Pennsylvania",2018,2023.71990921121,"Total exports",100
"Pennsylvania",2019,2000.72507113246,"Total exports",100
"Pennsylvania",2020,2144.22676092729,"Total exports",100
"Pennsylvania",2021,2412.45687993627,"Total exports",100
"Pennsylvania",2022,2591.22168319349,"Total exports",100
"Rhode Island",2000,12.0974824612792,"Total exports",100
"Rhode Island",2001,15.05630808235,"Total exports",100
"Rhode Island",2002,15.5832540707561,"Total exports",100
"Rhode Island",2003,17.302186931949,"Total exports",100
"Rhode Island",2004,18.5053694954367,"Total exports",100
"Rhode Island",2005,19.2654979369713,"Total exports",100
"Rhode Island",2006,21.1581519221183,"Total exports",100
"Rhode Island",2007,22.8046010004264,"Total exports",100
"Rhode Island",2008,31.544878141627,"Total exports",100
"Rhode Island",2009,29.6962904973366,"Total exports",100
"Rhode Island",2010,32.3061400019168,"Total exports",100
"Rhode Island",2011,34.7447611818405,"Total exports",100
"Rhode Island",2012,32.2952976394733,"Total exports",100
"Rhode Island",2013,33.5532576900528,"Total exports",100
"Rhode Island",2014,35.7206519082685,"Total exports",100
"Rhode Island",2015,32.1468644058132,"Total exports",100
"Rhode Island",2016,31.0677052374733,"Total exports",100
"Rhode Island",2017,35.332651377631,"Total exports",100
"Rhode Island",2018,33.2912466537469,"Total exports",100
"Rhode Island",2019,28.6292963491593,"Total exports",100
"Rhode Island",2020,28.3213864819427,"Total exports",100
"Rhode Island",2021,33.1470076354454,"Total exports",100
"Rhode Island",2022,33.1315984157867,"Total exports",100
"South Carolina",2000,684.161344654881,"Total exports",100
"South Carolina",2001,618.427299464273,"Total exports",100
"South Carolina",2002,511.585687658792,"Total exports",100
"South Carolina",2003,582.54467378921,"Total exports",100
"South Carolina",2004,613.362787052617,"Total exports",100
"South Carolina",2005,544.429168036498,"Total exports",100
"South Carolina",2006,622.105737439422,"Total exports",100
"South Carolina",2007,648.194507785744,"Total exports",100
"South Carolina",2008,764.14607345365,"Total exports",100
"South Carolina",2009,728.337818428186,"Total exports",100
"South Carolina",2010,837.968622069935,"Total exports",100
"South Carolina",2011,996.602450258583,"Total exports",100
"South Carolina",2012,1039.51810876148,"Total exports",100
"South Carolina",2013,1021.47038521618,"Total exports",100
"South Carolina",2014,920.217102157903,"Total exports",100
"South Carolina",2015,805.039799698551,"Total exports",100
"South Carolina",2016,705.610093978514,"Total exports",100
"South Carolina",2017,780.334077027822,"Total exports",100
"South Carolina",2018,860.940987285473,"Total exports",100
"South Carolina",2019,785.300198929029,"Total exports",100
"South Carolina",2020,815.678099971501,"Total exports",100
"South Carolina",2021,988.541232525726,"Total exports",100
"South Carolina",2022,1162.09698758879,"Total exports",100
"South Dakota",2000,1205.3315747929,"Total exports",100
"South Dakota",2001,1212.60407977795,"Total exports",100
"South Dakota",2002,1192.92649282492,"Total exports",100
"South Dakota",2003,1392.96332586472,"Total exports",100
"South Dakota",2004,1320.84576551838,"Total exports",100
"South Dakota",2005,1422.27575487709,"Total exports",100
"South Dakota",2006,1442.8838539587,"Total exports",100
"South Dakota",2007,2193.2780092366,"Total exports",100
"South Dakota",2008,3534.58951727087,"Total exports",100
"South Dakota",2009,2864.32227019098,"Total exports",100
"South Dakota",2010,2949.52607856584,"Total exports",100
"South Dakota",2011,3760.02471621629,"Total exports",100
"South Dakota",2012,3777.09263167907,"Total exports",100
"South Dakota",2013,3716.69671646382,"Total exports",100
"South Dakota",2014,4311.2992516547,"Total exports",100
"South Dakota",2015,3656.62835634415,"Total exports",100
"South Dakota",2016,3914.99831549705,"Total exports",100
"South Dakota",2017,3596.84854495899,"Total exports",100
"South Dakota",2018,3532.21737227241,"Total exports",100
"South Dakota",2019,3216.96676336808,"Total exports",100
"South Dakota",2020,3752.75218403927,"Total exports",100
"South Dakota",2021,4894.86337493969,"Total exports",100
"South Dakota",2022,5432.7116577695,"Total exports",100
"Tennessee",2000,899.020101870319,"Total exports",100
"Tennessee",2001,929.882093473463,"Total exports",100
"Tennessee",2002,783.610673304605,"Total exports",100
"Tennessee",2003,1030.92773870905,"Total exports",100
"Tennessee",2004,889.908438529952,"Total exports",100
"Tennessee",2005,915.076036626358,"Total exports",100
"Tennessee",2006,961.8658588812,"Total exports",100
"Tennessee",2007,1070.05594208883,"Total exports",100
"Tennessee",2008,1186.2595430311,"Total exports",100
"Tennessee",2009,1205.76023098706,"Total exports",100
"Tennessee",2010,1309.07488196412,"Total exports",100
"Tennessee",2011,1556.93881096966,"Total exports",100
"Tennessee",2012,1538.49640843974,"Total exports",100
"Tennessee",2013,1754.78138667857,"Total exports",100
"Tennessee",2014,1758.21838313166,"Total exports",100
"Tennessee",2015,1548.53658980997,"Total exports",100
"Tennessee",2016,1397.86772585002,"Total exports",100
"Tennessee",2017,1536.35412715739,"Total exports",100
"Tennessee",2018,1501.31616777118,"Total exports",100
"Tennessee",2019,1520.47540181953,"Total exports",100
"Tennessee",2020,1793.16592082049,"Total exports",100
"Tennessee",2021,1943.81239317803,"Total exports",100
"Tennessee",2022,2173.40612874535,"Total exports",100
"Texas",2000,2667.33885431293,"Total exports",100
"Texas",2001,2884.00260814748,"Total exports",100
"Texas",2002,2784.02319867078,"Total exports",100
"Texas",2003,3246.38719628622,"Total exports",100
"Texas",2004,3559.08492229379,"Total exports",100
"Texas",2005,3647.53390108898,"Total exports",100
"Texas",2006,4157.52454365717,"Total exports",100
"Texas",2007,4945.96741103823,"Total exports",100
"Texas",2008,6143.18646981742,"Total exports",100
"Texas",2009,4567.32638916263,"Total exports",100
"Texas",2010,6392.94931759845,"Total exports",100
"Texas",2011,6873.42432580153,"Total exports",100
"Texas",2012,6061.93357425515,"Total exports",100
"Texas",2013,6100.495260258,"Total exports",100
"Texas",2014,6397.43356401785,"Total exports",100
"Texas",2015,5704.04588181931,"Total exports",100
"Texas",2016,5745.00625361422,"Total exports",100
"Texas",2017,6852.40793070195,"Total exports",100
"Texas",2018,6831.01796602378,"Total exports",100
"Texas",2019,6159.38973079184,"Total exports",100
"Texas",2020,5898.90960466504,"Total exports",100
"Texas",2021,7169.47771015334,"Total exports",100
"Texas",2022,8539.66115990812,"Total exports",100
"United States",2000,55010.669,"Total exports",100
"United States",2001,56147.635,"Total exports",100
"United States",2002,54893.189,"Total exports",100
"United States",2003,61098.219,"Total exports",100
"United States",2004,62833.518,"Total exports",100
"United States",2005,64372.773,"Total exports",100
"United States",2006,72327.41,"Total exports",100
"United States",2007,91274.279,"Total exports",100
"United States",2008,115717.294,"Total exports",100
"United States",2009,98910.32,"Total exports",100
"United States",2010,116228.619,"Total exports",100
"United States",2011,137178.957,"Total exports",100
"United States",2012,141984.309,"Total exports",100
"United States",2013,144637.726,"Total exports",100
"United States",2014,150121.414,"Total exports",100
"United States",2015,132275.526,"Total exports",100
"United States",2016,133776.298,"Total exports",100
"United States",2017,137083.199,"Total exports",100
"United States",2018,138545.655810056,"Total exports",100
"United States",2019,135708.363,"Total exports",100
"United States",2020,144782.30294576,"Total exports",100
"United States",2021,171120.275,"Total exports",100
"United States",2022,188857.174,"Total exports",100
"Utah",2000,162.116057589619,"Total exports",100
"Utah",2001,174.43823042146,"Total exports",100
"Utah",2002,166.040820585259,"Total exports",100
"Utah",2003,181.018729291137,"Total exports",100
"Utah",2004,173.824635014669,"Total exports",100
"Utah",2005,201.819607227234,"Total exports",100
"Utah",2006,225.24531457186,"Total exports",100
"Utah",2007,263.832992101382,"Total exports",100
"Utah",2008,315.166502455146,"Total exports",100
"Utah",2009,245.317705916003,"Total exports",100
"Utah",2010,320.819680397545,"Total exports",100
"Utah",2011,438.379700797697,"Total exports",100
"Utah",2012,456.363606686022,"Total exports",100
"Utah",2013,492.660480796768,"Total exports",100
"Utah",2014,530.00733905396,"Total exports",100
"Utah",2015,430.026179880612,"Total exports",100
"Utah",2016,406.260333446613,"Total exports",100
"Utah",2017,454.757578225888,"Total exports",100
"Utah",2018,432.655526819075,"Total exports",100
"Utah",2019,440.799955458293,"Total exports",100
"Utah",2020,473.415023187858,"Total exports",100
"Utah",2021,538.830083722753,"Total exports",100
"Utah",2022,600.325488565122,"Total exports",100
"Vermont",2000,48.1344915191607,"Total exports",100
"Vermont",2001,49.0039433532921,"Total exports",100
"Vermont",2002,47.3688209218963,"Total exports",100
"Vermont",2003,51.0771158373432,"Total exports",100
"Vermont",2004,55.1121063939538,"Total exports",100
"Vermont",2005,59.5840056642241,"Total exports",100
"Vermont",2006,67.002756693817,"Total exports",100
"Vermont",2007,89.2322998595846,"Total exports",100
"Vermont",2008,142.35051669446,"Total exports",100
"Vermont",2009,115.430516114644,"Total exports",100
"Vermont",2010,146.122410563897,"Total exports",100
"Vermont",2011,176.330851431245,"Total exports",100
"Vermont",2012,183.505058148669,"Total exports",100
"Vermont",2013,154.449214105044,"Total exports",100
"Vermont",2014,223.538062395363,"Total exports",100
"Vermont",2015,184.089596623826,"Total exports",100
"Vermont",2016,180.186834153736,"Total exports",100
"Vermont",2017,185.259472440159,"Total exports",100
"Vermont",2018,182.88482609053,"Total exports",100
"Vermont",2019,189.681620582884,"Total exports",100
"Vermont",2020,182.044130279659,"Total exports",100
"Vermont",2021,218.159732345903,"Total exports",100
"Vermont",2022,255.676190389022,"Total exports",100
"Virginia",2000,764.963362470433,"Total exports",100
"Virginia",2001,757.149713065015,"Total exports",100
"Virginia",2002,671.870956481719,"Total exports",100
"Virginia",2003,672.981758448897,"Total exports",100
"Virginia",2004,706.141909864773,"Total exports",100
"Virginia",2005,647.717008008342,"Total exports",100
"Virginia",2006,705.698217030621,"Total exports",100
"Virginia",2007,803.105799071148,"Total exports",100
"Virginia",2008,954.296168868014,"Total exports",100
"Virginia",2009,851.304829098887,"Total exports",100
"Virginia",2010,946.508473108794,"Total exports",100
"Virginia",2011,1117.75240959356,"Total exports",100
"Virginia",2012,1247.47950499429,"Total exports",100
"Virginia",2013,1272.43367042998,"Total exports",100
"Virginia",2014,1261.0001747755,"Total exports",100
"Virginia",2015,1086.88350680714,"Total exports",100
"Virginia",2016,1067.46090946577,"Total exports",100
"Virginia",2017,1112.13375027707,"Total exports",100
"Virginia",2018,1136.35245844339,"Total exports",100
"Virginia",2019,1088.91437645461,"Total exports",100
"Virginia",2020,1212.1147802479,"Total exports",100
"Virginia",2021,1337.31948867259,"Total exports",100
"Virginia",2022,1464.74677364298,"Total exports",100
"Washington",2000,1304.14765013074,"Total exports",100
"Washington",2001,1397.2529570304,"Total exports",100
"Washington",2002,1407.85980352492,"Total exports",100
"Washington",2003,1551.0895928751,"Total exports",100
"Washington",2004,1646.58795345485,"Total exports",100
"Washington",2005,1609.81750151348,"Total exports",100
"Washington",2006,1838.14897565448,"Total exports",100
"Washington",2007,2403.39976457335,"Total exports",100
"Washington",2008,2717.8892478802,"Total exports",100
"Washington",2009,2366.11254323173,"Total exports",100
"Washington",2010,2833.00546893663,"Total exports",100
"Washington",2011,3676.79799482906,"Total exports",100
"Washington",2012,3720.95197128015,"Total exports",100
"Washington",2013,3968.02963995174,"Total exports",100
"Washington",2014,3791.54508516719,"Total exports",100
"Washington",2015,3459.62410377335,"Total exports",100
"Washington",2016,3502.03988804267,"Total exports",100
"Washington",2017,3637.68650686343,"Total exports",100
"Washington",2018,3603.89630888582,"Total exports",100
"Washington",2019,3603.21513327004,"Total exports",100
"Washington",2020,3801.06355489955,"Total exports",100
"Washington",2021,3804.32062632034,"Total exports",100
"Washington",2022,4118.92553477706,"Total exports",100
"West Virginia",2000,64.5794317785418,"Total exports",100
"West Virginia",2001,70.4386375699338,"Total exports",100
"West Virginia",2002,59.800767051354,"Total exports",100
"West Virginia",2003,64.6467276797,"Total exports",100
"West Virginia",2004,59.3350519932826,"Total exports",100
"West Virginia",2005,63.802903706708,"Total exports",100
"West Virginia",2006,66.238411021677,"Total exports",100
"West Virginia",2007,78.5212439815306,"Total exports",100
"West Virginia",2008,108.568672431769,"Total exports",100
"West Virginia",2009,108.003832598968,"Total exports",100
"West Virginia",2010,119.391590456277,"Total exports",100
"West Virginia",2011,140.507830348086,"Total exports",100
"West Virginia",2012,163.709437368286,"Total exports",100
"West Virginia",2013,166.666982721905,"Total exports",100
"West Virginia",2014,173.021090357808,"Total exports",100
"West Virginia",2015,144.329920769407,"Total exports",100
"West Virginia",2016,147.178020326653,"Total exports",100
"West Virginia",2017,162.379567514905,"Total exports",100
"West Virginia",2018,161.105434692859,"Total exports",100
"West Virginia",2019,155.545485266593,"Total exports",100
"West Virginia",2020,161.389858185755,"Total exports",100
"West Virginia",2021,181.088821399539,"Total exports",100
"West Virginia",2022,182.905814790954,"Total exports",100
"Wisconsin",2000,928.315486779295,"Total exports",100
"Wisconsin",2001,940.961397331295,"Total exports",100
"Wisconsin",2002,1003.37613278852,"Total exports",100
"Wisconsin",2003,1097.13006987838,"Total exports",100
"Wisconsin",2004,1137.91416109836,"Total exports",100
"Wisconsin",2005,1180.84988155575,"Total exports",100
"Wisconsin",2006,1525.62537172547,"Total exports",100
"Wisconsin",2007,1837.01860915672,"Total exports",100
"Wisconsin",2008,2430.45866264025,"Total exports",100
"Wisconsin",2009,1864.19028391791,"Total exports",100
"Wisconsin",2010,2484.57240204017,"Total exports",100
"Wisconsin",2011,2971.35382322217,"Total exports",100
"Wisconsin",2012,3224.87571331499,"Total exports",100
"Wisconsin",2013,3153.30979967932,"Total exports",100
"Wisconsin",2014,3216.3228799557,"Total exports",100
"Wisconsin",2015,2855.46323873447,"Total exports",100
"Wisconsin",2016,2864.77023886556,"Total exports",100
"Wisconsin",2017,2939.49602490814,"Total exports",100
"Wisconsin",2018,3013.4943908745,"Total exports",100
"Wisconsin",2019,2775.90459480969,"Total exports",100
"Wisconsin",2020,3184.21328102491,"Total exports",100
"Wisconsin",2021,3953.4493748756,"Total exports",100
"Wisconsin",2022,4674.98732213094,"Total exports",100
"Wyoming",2000,145.927867522087,"Total exports",100
"Wyoming",2001,159.346651570766,"Total exports",100
"Wyoming",2002,136.608995349078,"Total exports",100
"Wyoming",2003,144.39412776123,"Total exports",100
"Wyoming",2004,107.991125314476,"Total exports",100
"Wyoming",2005,112.31332073345,"Total exports",100
"Wyoming",2006,131.937296185466,"Total exports",100
"Wyoming",2007,152.659416066058,"Total exports",100
"Wyoming",2008,190.73323657823,"Total exports",100
"Wyoming",2009,201.233389287065,"Total exports",100
"Wyoming",2010,225.203833262458,"Total exports",100
"Wyoming",2011,337.031144344015,"Total exports",100
"Wyoming",2012,351.120181267399,"Total exports",100
"Wyoming",2013,358.230974147685,"Total exports",100
"Wyoming",2014,358.105298636131,"Total exports",100
"Wyoming",2015,307.027228784684,"Total exports",100
"Wyoming",2016,297.160901576147,"Total exports",100
"Wyoming",2017,312.86331899507,"Total exports",100
"Wyoming",2018,341.29992215773,"Total exports",100
"Wyoming",2019,334.989688511743,"Total exports",100
"Wyoming",2020,338.694447437373,"Total exports",100
"Wyoming",2021,414.603424070658,"Total exports",100
"Wyoming",2022,409.556944620867,"Total exports",100
